year,state,avg_days,unit,note
2024,Andhra Pradesh,10,avg_days in absolute numbers,
2024,Assam,1,avg_days in absolute numbers,
2024,Bihar,15,avg_days in absolute numbers,
2024,Chhattisgarh,1,avg_days in absolute numbers,
2024,Delhi,18,avg_days in absolute numbers,
2024,Gujarat,5,avg_days in absolute numbers,
2024,Haryana,21,avg_days in absolute numbers,
2024,Jharkhand,16,avg_days in absolute numbers,
2024,Karnataka,1,avg_days in absolute numbers,
2024,Madhya Pradesh,7,avg_days in absolute numbers,
2024,Maharashtra,2,avg_days in absolute numbers,
2024,Odisha,18,avg_days in absolute numbers,
2024,Punjab,22,avg_days in absolute numbers,
2024,Rajasthan,16,avg_days in absolute numbers,
2024,Tamil Nadu,1,avg_days in absolute numbers,
2024,Telangana,1,avg_days in absolute numbers,
2024,Uttar Pradesh,18,avg_days in absolute numbers,
2024,Uttarakhand,22,avg_days in absolute numbers,
2024,West Bengal,5,avg_days in absolute numbers,
2023,Andhra Pradesh,15,avg_days in absolute numbers,
2023,Assam,0,avg_days in absolute numbers,
2023,Bihar,18,avg_days in absolute numbers,
2023,Chhattisgarh,6,avg_days in absolute numbers,
2023,Delhi,4,avg_days in absolute numbers,
2023,Gujarat,0,avg_days in absolute numbers,
2023,Haryana,5,avg_days in absolute numbers,
2023,Jharkhand,13,avg_days in absolute numbers,
2023,Karnataka,1,avg_days in absolute numbers,
2023,Madhya Pradesh,1,avg_days in absolute numbers,
2023,Maharashtra,2,avg_days in absolute numbers,
2023,Odisha,15,avg_days in absolute numbers,
2023,Punjab,5,avg_days in absolute numbers,
2023,Rajasthan,3,avg_days in absolute numbers,
2023,Tamil Nadu,6,avg_days in absolute numbers,
2023,Telangana,3,avg_days in absolute numbers,
2023,Uttar Pradesh,6,avg_days in absolute numbers,
2023,Uttarakhand,0,avg_days in absolute numbers,
2023,West Bengal,8,avg_days in absolute numbers,
2022,Andhra Pradesh,5,avg_days in absolute numbers,
2022,Assam,0,avg_days in absolute numbers,
2022,Bihar,6,avg_days in absolute numbers,
2022,Chhattisgarh,6,avg_days in absolute numbers,
2022,Delhi,17,avg_days in absolute numbers,
2022,Gujarat,5,avg_days in absolute numbers,
2022,Haryana,24,avg_days in absolute numbers,
2022,Jharkhand,18,avg_days in absolute numbers,
2022,Karnataka,0,avg_days in absolute numbers,
2022,Madhya Pradesh,13,avg_days in absolute numbers,
2022,Maharashtra,4,avg_days in absolute numbers,
2022,Odisha,5,avg_days in absolute numbers,
2022,Punjab,24,avg_days in absolute numbers,
2022,Rajasthan,26,avg_days in absolute numbers,
2022,Tamil Nadu,3,avg_days in absolute numbers,
2022,Telangana,2,avg_days in absolute numbers,
2022,Uttar Pradesh,15,avg_days in absolute numbers,
2022,Uttarakhand,15,avg_days in absolute numbers,
2022,West Bengal,2,avg_days in absolute numbers,
2021,Andhra Pradesh,4,avg_days in absolute numbers,
2021,Assam,0,avg_days in absolute numbers,
2021,Bihar,1,avg_days in absolute numbers,
2021,Chhattisgarh,1,avg_days in absolute numbers,
2021,Delhi,3,avg_days in absolute numbers,
2021,Gujarat,0,avg_days in absolute numbers,
2021,Haryana,2,avg_days in absolute numbers,
2021,Jharkhand,0,avg_days in absolute numbers,
2021,Karnataka,0,avg_days in absolute numbers,
2021,Madhya Pradesh,1,avg_days in absolute numbers,
2021,Maharashtra,0,avg_days in absolute numbers,
2021,Odisha,4,avg_days in absolute numbers,
2021,Punjab,2,avg_days in absolute numbers,
2021,Rajasthan,4,avg_days in absolute numbers,
2021,Tamil Nadu,3,avg_days in absolute numbers,
2021,Telangana,0,avg_days in absolute numbers,
2021,Uttar Pradesh,1,avg_days in absolute numbers,
2021,Uttarakhand,0,avg_days in absolute numbers,
2021,West Bengal,3,avg_days in absolute numbers,
2020,Andhra Pradesh,3,avg_days in absolute numbers,
2020,Assam,0,avg_days in absolute numbers,
2020,Bihar,1,avg_days in absolute numbers,
2020,Chhattisgarh,0,avg_days in absolute numbers,
2020,Delhi,4,avg_days in absolute numbers,
2020,Gujarat,2,avg_days in absolute numbers,
2020,Haryana,3,avg_days in absolute numbers,
2020,Jharkhand,1,avg_days in absolute numbers,
2020,Karnataka,4,avg_days in absolute numbers,
2020,Madhya Pradesh,2,avg_days in absolute numbers,
2020,Maharashtra,5,avg_days in absolute numbers,
2020,Odisha,2,avg_days in absolute numbers,
2020,Punjab,1,avg_days in absolute numbers,
2020,Rajasthan,6,avg_days in absolute numbers,
2020,Tamil Nadu,4,avg_days in absolute numbers,
2020,Telangana,2,avg_days in absolute numbers,
2020,Uttar Pradesh,2,avg_days in absolute numbers,
2020,Uttarakhand,0,avg_days in absolute numbers,
2020,West Bengal,0,avg_days in absolute numbers,
2019,Andhra Pradesh,13,avg_days in absolute numbers,
2019,Assam,0,avg_days in absolute numbers,
2019,Bihar,12,avg_days in absolute numbers,
2019,Chhattisgarh,3,avg_days in absolute numbers,
2019,Delhi,8,avg_days in absolute numbers,
2019,Gujarat,4,avg_days in absolute numbers,
2019,Haryana,8,avg_days in absolute numbers,
2019,Jharkhand,10,avg_days in absolute numbers,
2019,Karnataka,2,avg_days in absolute numbers,
2019,Madhya Pradesh,13,avg_days in absolute numbers,
2019,Maharashtra,15,avg_days in absolute numbers,
2019,Odisha,8,avg_days in absolute numbers,
2019,Punjab,8,avg_days in absolute numbers,
2019,Rajasthan,20,avg_days in absolute numbers,
2019,Tamil Nadu,11,avg_days in absolute numbers,
2019,Telangana,10,avg_days in absolute numbers,
2019,Uttar Pradesh,13,avg_days in absolute numbers,
2019,Uttarakhand,13,avg_days in absolute numbers,
2019,West Bengal,3,avg_days in absolute numbers,
2018,Andhra Pradesh,8,avg_days in absolute numbers,
2018,Assam,0,avg_days in absolute numbers,
2018,Bihar,6,avg_days in absolute numbers,
2018,Chhattisgarh,0,avg_days in absolute numbers,
2018,Delhi,6,avg_days in absolute numbers,
2018,Gujarat,3,avg_days in absolute numbers,
2018,Haryana,9,avg_days in absolute numbers,
2018,Jharkhand,3,avg_days in absolute numbers,
2018,Karnataka,0,avg_days in absolute numbers,
2018,Madhya Pradesh,7,avg_days in absolute numbers,
2018,Maharashtra,8,avg_days in absolute numbers,
2018,Odisha,4,avg_days in absolute numbers,
2018,Punjab,4,avg_days in absolute numbers,
2018,Rajasthan,17,avg_days in absolute numbers,
2018,Tamil Nadu,2,avg_days in absolute numbers,
2018,Telangana,0,avg_days in absolute numbers,
2018,Uttar Pradesh,6,avg_days in absolute numbers,
2018,Uttarakhand,5,avg_days in absolute numbers,
2018,West Bengal,2,avg_days in absolute numbers,
2017,Andhra Pradesh,10,avg_days in absolute numbers,
2017,Assam,0,avg_days in absolute numbers,
2017,Bihar,3,avg_days in absolute numbers,
2017,Chhattisgarh,3,avg_days in absolute numbers,
2017,Delhi,9,avg_days in absolute numbers,
2017,Gujarat,4,avg_days in absolute numbers,
2017,Haryana,13,avg_days in absolute numbers,
2017,Jharkhand,10,avg_days in absolute numbers,
2017,Karnataka,0,avg_days in absolute numbers,
2017,Madhya Pradesh,7,avg_days in absolute numbers,
2017,Maharashtra,6,avg_days in absolute numbers,
2017,Odisha,9,avg_days in absolute numbers,
2017,Punjab,12,avg_days in absolute numbers,
2017,Rajasthan,14,avg_days in absolute numbers,
2017,Tamil Nadu,8,avg_days in absolute numbers,
2017,Telangana,5,avg_days in absolute numbers,
2017,Uttar Pradesh,4,avg_days in absolute numbers,
2017,Uttarakhand,4,avg_days in absolute numbers,
2017,West Bengal,2,avg_days in absolute numbers,
2016,Andhra Pradesh,10,avg_days in absolute numbers,
2016,Assam,0,avg_days in absolute numbers,
2016,Bihar,11,avg_days in absolute numbers,
2016,Chhattisgarh,2,avg_days in absolute numbers,
2016,Delhi,2,avg_days in absolute numbers,
2016,Gujarat,3,avg_days in absolute numbers,
2016,Haryana,10,avg_days in absolute numbers,
2016,Jharkhand,16,avg_days in absolute numbers,
2016,Karnataka,3,avg_days in absolute numbers,
2016,Madhya Pradesh,10,avg_days in absolute numbers,
2016,Maharashtra,8,avg_days in absolute numbers,
2016,Odisha,19,avg_days in absolute numbers,
2016,Punjab,5,avg_days in absolute numbers,
2016,Rajasthan,15,avg_days in absolute numbers,
2016,Tamil Nadu,3,avg_days in absolute numbers,
2016,Telangana,14,avg_days in absolute numbers,
2016,Uttar Pradesh,5,avg_days in absolute numbers,
2016,Uttarakhand,9,avg_days in absolute numbers,
2016,West Bengal,5,avg_days in absolute numbers,
2015,Andhra Pradesh,7,avg_days in absolute numbers,
2015,Assam,0,avg_days in absolute numbers,
2015,Bihar,5,avg_days in absolute numbers,
2015,Chhattisgarh,1,avg_days in absolute numbers,
2015,Delhi,3,avg_days in absolute numbers,
2015,Gujarat,2,avg_days in absolute numbers,
2015,Haryana,4,avg_days in absolute numbers,
2015,Jharkhand,9,avg_days in absolute numbers,
2015,Karnataka,2,avg_days in absolute numbers,
2015,Madhya Pradesh,4,avg_days in absolute numbers,
2015,Maharashtra,5,avg_days in absolute numbers,
2015,Odisha,11,avg_days in absolute numbers,
2015,Punjab,3,avg_days in absolute numbers,
2015,Rajasthan,9,avg_days in absolute numbers,
2015,Tamil Nadu,3,avg_days in absolute numbers,
2015,Telangana,7,avg_days in absolute numbers,
2015,Uttar Pradesh,8,avg_days in absolute numbers,
2015,Uttarakhand,2,avg_days in absolute numbers,
2015,West Bengal,1,avg_days in absolute numbers,
2014,Andhra Pradesh,16,avg_days in absolute numbers,
2014,Assam,0,avg_days in absolute numbers,
2014,Bihar,9,avg_days in absolute numbers,
2014,Chhattisgarh,6,avg_days in absolute numbers,
2014,Delhi,7,avg_days in absolute numbers,
2014,Gujarat,3,avg_days in absolute numbers,
2014,Haryana,9,avg_days in absolute numbers,
2014,Jharkhand,7,avg_days in absolute numbers,
2014,Karnataka,1,avg_days in absolute numbers,
2014,Madhya Pradesh,10,avg_days in absolute numbers,
2014,Maharashtra,5,avg_days in absolute numbers,
2014,Odisha,17,avg_days in absolute numbers,
2014,Punjab,12,avg_days in absolute numbers,
2014,Rajasthan,11,avg_days in absolute numbers,
2014,Tamil Nadu,5,avg_days in absolute numbers,
2014,Telangana,2,avg_days in absolute numbers,
2014,Uttar Pradesh,9,avg_days in absolute numbers,
2014,Uttarakhand,3,avg_days in absolute numbers,
2014,West Bengal,12,avg_days in absolute numbers,
2013,Andhra Pradesh,11,avg_days in absolute numbers,
2013,Assam,0,avg_days in absolute numbers,
2013,Bihar,1,avg_days in absolute numbers,
2013,Chhattisgarh,3,avg_days in absolute numbers,
2013,Delhi,7,avg_days in absolute numbers,
2013,Gujarat,1,avg_days in absolute numbers,
2013,Haryana,8,avg_days in absolute numbers,
2013,Jharkhand,5,avg_days in absolute numbers,
2013,Karnataka,1,avg_days in absolute numbers,
2013,Madhya Pradesh,5,avg_days in absolute numbers,
2013,Maharashtra,8,avg_days in absolute numbers,
2013,Odisha,9,avg_days in absolute numbers,
2013,Punjab,11,avg_days in absolute numbers,
2013,Rajasthan,9,avg_days in absolute numbers,
2013,Tamil Nadu,4,avg_days in absolute numbers,
2013,Telangana,6,avg_days in absolute numbers,
2013,Uttar Pradesh,6,avg_days in absolute numbers,
2013,Uttarakhand,2,avg_days in absolute numbers,
2013,West Bengal,3,avg_days in absolute numbers,
2012,Andhra Pradesh,16,avg_days in absolute numbers,
2012,Assam,0,avg_days in absolute numbers,
2012,Bihar,20,avg_days in absolute numbers,
2012,Chhattisgarh,6,avg_days in absolute numbers,
2012,Delhi,11,avg_days in absolute numbers,
2012,Gujarat,1,avg_days in absolute numbers,
2012,Haryana,8,avg_days in absolute numbers,
2012,Jharkhand,19,avg_days in absolute numbers,
2012,Karnataka,2,avg_days in absolute numbers,
2012,Madhya Pradesh,4,avg_days in absolute numbers,
2012,Maharashtra,3,avg_days in absolute numbers,
2012,Odisha,18,avg_days in absolute numbers,
2012,Punjab,17,avg_days in absolute numbers,
2012,Rajasthan,7,avg_days in absolute numbers,
2012,Tamil Nadu,10,avg_days in absolute numbers,
2012,Telangana,9,avg_days in absolute numbers,
2012,Uttar Pradesh,17,avg_days in absolute numbers,
2012,Uttarakhand,27,avg_days in absolute numbers,
2012,West Bengal,6,avg_days in absolute numbers,
2011,Andhra Pradesh,8,avg_days in absolute numbers,
2011,Assam,0,avg_days in absolute numbers,
2011,Bihar,1,avg_days in absolute numbers,
2011,Chhattisgarh,1,avg_days in absolute numbers,
2011,Delhi,1,avg_days in absolute numbers,
2011,Gujarat,1,avg_days in absolute numbers,
2011,Haryana,3,avg_days in absolute numbers,
2011,Jharkhand,1,avg_days in absolute numbers,
2011,Karnataka,0,avg_days in absolute numbers,
2011,Madhya Pradesh,2,avg_days in absolute numbers,
2011,Maharashtra,1,avg_days in absolute numbers,
2011,Odisha,2,avg_days in absolute numbers,
2011,Punjab,6,avg_days in absolute numbers,
2011,Rajasthan,7,avg_days in absolute numbers,
2011,Tamil Nadu,3,avg_days in absolute numbers,
2011,Telangana,0,avg_days in absolute numbers,
2011,Uttar Pradesh,2,avg_days in absolute numbers,
2011,Uttarakhand,0,avg_days in absolute numbers,
2011,West Bengal,1,avg_days in absolute numbers,
2010,Andhra Pradesh,9,avg_days in absolute numbers,
2010,Assam,0,avg_days in absolute numbers,
2010,Bihar,18,avg_days in absolute numbers,
2010,Chhattisgarh,11,avg_days in absolute numbers,
2010,Delhi,23,avg_days in absolute numbers,
2010,Gujarat,9,avg_days in absolute numbers,
2010,Haryana,26,avg_days in absolute numbers,
2010,Jharkhand,26,avg_days in absolute numbers,
2010,Karnataka,3,avg_days in absolute numbers,
2010,Madhya Pradesh,20,avg_days in absolute numbers,
2010,Maharashtra,12,avg_days in absolute numbers,
2010,Odisha,19,avg_days in absolute numbers,
2010,Punjab,18,avg_days in absolute numbers,
2010,Rajasthan,19,avg_days in absolute numbers,
2010,Tamil Nadu,4,avg_days in absolute numbers,
2010,Telangana,13,avg_days in absolute numbers,
2010,Uttar Pradesh,16,avg_days in absolute numbers,
2010,Uttarakhand,32,avg_days in absolute numbers,
2010,West Bengal,1,avg_days in absolute numbers,
2009,Andhra Pradesh,10,avg_days in absolute numbers,
2009,Assam,0,avg_days in absolute numbers,
2009,Bihar,13,avg_days in absolute numbers,
2009,Chhattisgarh,6,avg_days in absolute numbers,
2009,Delhi,10,avg_days in absolute numbers,
2009,Gujarat,3,avg_days in absolute numbers,
2009,Haryana,15,avg_days in absolute numbers,
2009,Jharkhand,17,avg_days in absolute numbers,
2009,Karnataka,0,avg_days in absolute numbers,
2009,Madhya Pradesh,10,avg_days in absolute numbers,
2009,Maharashtra,9,avg_days in absolute numbers,
2009,Odisha,17,avg_days in absolute numbers,
2009,Punjab,17,avg_days in absolute numbers,
2009,Rajasthan,12,avg_days in absolute numbers,
2009,Tamil Nadu,7,avg_days in absolute numbers,
2009,Telangana,6,avg_days in absolute numbers,
2009,Uttar Pradesh,10,avg_days in absolute numbers,
2009,Uttarakhand,17,avg_days in absolute numbers,
2009,West Bengal,6,avg_days in absolute numbers,
2008,Andhra Pradesh,11,avg_days in absolute numbers,
2008,Assam,0,avg_days in absolute numbers,
2008,Bihar,1,avg_days in absolute numbers,
2008,Chhattisgarh,0,avg_days in absolute numbers,
2008,Delhi,0,avg_days in absolute numbers,
2008,Gujarat,0,avg_days in absolute numbers,
2008,Haryana,3,avg_days in absolute numbers,
2008,Jharkhand,0,avg_days in absolute numbers,
2008,Karnataka,0,avg_days in absolute numbers,
2008,Madhya Pradesh,0,avg_days in absolute numbers,
2008,Maharashtra,2,avg_days in absolute numbers,
2008,Odisha,5,avg_days in absolute numbers,
2008,Punjab,6,avg_days in absolute numbers,
2008,Rajasthan,1,avg_days in absolute numbers,
2008,Tamil Nadu,6,avg_days in absolute numbers,
2008,Telangana,0,avg_days in absolute numbers,
2008,Uttar Pradesh,1,avg_days in absolute numbers,
2008,Uttarakhand,0,avg_days in absolute numbers,
2008,West Bengal,0,avg_days in absolute numbers,
2007,Andhra Pradesh,9,avg_days in absolute numbers,
2007,Assam,0,avg_days in absolute numbers,
2007,Bihar,5,avg_days in absolute numbers,
2007,Chhattisgarh,0,avg_days in absolute numbers,
2007,Delhi,3,avg_days in absolute numbers,
2007,Gujarat,2,avg_days in absolute numbers,
2007,Haryana,11,avg_days in absolute numbers,
2007,Jharkhand,1,avg_days in absolute numbers,
2007,Karnataka,0,avg_days in absolute numbers,
2007,Madhya Pradesh,3,avg_days in absolute numbers,
2007,Maharashtra,4,avg_days in absolute numbers,
2007,Odisha,4,avg_days in absolute numbers,
2007,Punjab,11,avg_days in absolute numbers,
2007,Rajasthan,7,avg_days in absolute numbers,
2007,Tamil Nadu,6,avg_days in absolute numbers,
2007,Telangana,1,avg_days in absolute numbers,
2007,Uttar Pradesh,3,avg_days in absolute numbers,
2007,Uttarakhand,3,avg_days in absolute numbers,
2007,West Bengal,3,avg_days in absolute numbers,
2006,Andhra Pradesh,6,avg_days in absolute numbers,
2006,Assam,0,avg_days in absolute numbers,
2006,Bihar,0,avg_days in absolute numbers,
2006,Chhattisgarh,0,avg_days in absolute numbers,
2006,Delhi,0,avg_days in absolute numbers,
2006,Gujarat,2,avg_days in absolute numbers,
2006,Haryana,11,avg_days in absolute numbers,
2006,Jharkhand,0,avg_days in absolute numbers,
2006,Karnataka,0,avg_days in absolute numbers,
2006,Madhya Pradesh,3,avg_days in absolute numbers,
2006,Maharashtra,3,avg_days in absolute numbers,
2006,Odisha,4,avg_days in absolute numbers,
2006,Punjab,5,avg_days in absolute numbers,
2006,Rajasthan,13,avg_days in absolute numbers,
2006,Tamil Nadu,4,avg_days in absolute numbers,
2006,Telangana,0,avg_days in absolute numbers,
2006,Uttar Pradesh,3,avg_days in absolute numbers,
2006,Uttarakhand,0,avg_days in absolute numbers,
2006,West Bengal,2,avg_days in absolute numbers,
2005,Andhra Pradesh,11,avg_days in absolute numbers,
2005,Assam,0,avg_days in absolute numbers,
2005,Bihar,14,avg_days in absolute numbers,
2005,Chhattisgarh,8,avg_days in absolute numbers,
2005,Delhi,6,avg_days in absolute numbers,
2005,Gujarat,2,avg_days in absolute numbers,
2005,Haryana,9,avg_days in absolute numbers,
2005,Jharkhand,16,avg_days in absolute numbers,
2005,Karnataka,2,avg_days in absolute numbers,
2005,Madhya Pradesh,9,avg_days in absolute numbers,
2005,Maharashtra,10,avg_days in absolute numbers,
2005,Odisha,19,avg_days in absolute numbers,
2005,Punjab,6,avg_days in absolute numbers,
2005,Rajasthan,6,avg_days in absolute numbers,
2005,Tamil Nadu,6,avg_days in absolute numbers,
2005,Telangana,12,avg_days in absolute numbers,
2005,Uttar Pradesh,14,avg_days in absolute numbers,
2005,Uttarakhand,7,avg_days in absolute numbers,
2005,West Bengal,3,avg_days in absolute numbers,
2004,Andhra Pradesh,5,avg_days in absolute numbers,
2004,Assam,0,avg_days in absolute numbers,
2004,Bihar,4,avg_days in absolute numbers,
2004,Chhattisgarh,1,avg_days in absolute numbers,
2004,Delhi,4,avg_days in absolute numbers,
2004,Gujarat,3,avg_days in absolute numbers,
2004,Haryana,18,avg_days in absolute numbers,
2004,Jharkhand,9,avg_days in absolute numbers,
2004,Karnataka,0,avg_days in absolute numbers,
2004,Madhya Pradesh,3,avg_days in absolute numbers,
2004,Maharashtra,1,avg_days in absolute numbers,
2004,Odisha,11,avg_days in absolute numbers,
2004,Punjab,16,avg_days in absolute numbers,
2004,Rajasthan,8,avg_days in absolute numbers,
2004,Tamil Nadu,2,avg_days in absolute numbers,
2004,Telangana,1,avg_days in absolute numbers,
2004,Uttar Pradesh,5,avg_days in absolute numbers,
2004,Uttarakhand,8,avg_days in absolute numbers,
2004,West Bengal,2,avg_days in absolute numbers,
2003,Andhra Pradesh,10,avg_days in absolute numbers,
2003,Assam,0,avg_days in absolute numbers,
2003,Bihar,3,avg_days in absolute numbers,
2003,Chhattisgarh,10,avg_days in absolute numbers,
2003,Delhi,6,avg_days in absolute numbers,
2003,Gujarat,1,avg_days in absolute numbers,
2003,Haryana,15,avg_days in absolute numbers,
2003,Jharkhand,4,avg_days in absolute numbers,
2003,Karnataka,4,avg_days in absolute numbers,
2003,Madhya Pradesh,6,avg_days in absolute numbers,
2003,Maharashtra,6,avg_days in absolute numbers,
2003,Odisha,14,avg_days in absolute numbers,
2003,Punjab,5,avg_days in absolute numbers,
2003,Rajasthan,6,avg_days in absolute numbers,
2003,Tamil Nadu,7,avg_days in absolute numbers,
2003,Telangana,4,avg_days in absolute numbers,
2003,Uttar Pradesh,5,avg_days in absolute numbers,
2003,Uttarakhand,2,avg_days in absolute numbers,
2003,West Bengal,2,avg_days in absolute numbers,
2002,Andhra Pradesh,10,avg_days in absolute numbers,
2002,Assam,0,avg_days in absolute numbers,
2002,Bihar,1,avg_days in absolute numbers,
2002,Chhattisgarh,8,avg_days in absolute numbers,
2002,Delhi,10,avg_days in absolute numbers,
2002,Gujarat,4,avg_days in absolute numbers,
2002,Haryana,4,avg_days in absolute numbers,
2002,Jharkhand,0,avg_days in absolute numbers,
2002,Karnataka,0,avg_days in absolute numbers,
2002,Madhya Pradesh,8,avg_days in absolute numbers,
2002,Maharashtra,5,avg_days in absolute numbers,
2002,Odisha,13,avg_days in absolute numbers,
2002,Punjab,9,avg_days in absolute numbers,
2002,Rajasthan,16,avg_days in absolute numbers,
2002,Tamil Nadu,5,avg_days in absolute numbers,
2002,Telangana,3,avg_days in absolute numbers,
2002,Uttar Pradesh,4,avg_days in absolute numbers,
2002,Uttarakhand,0,avg_days in absolute numbers,
2002,West Bengal,1,avg_days in absolute numbers,
2001,Andhra Pradesh,9,avg_days in absolute numbers,
2001,Assam,0,avg_days in absolute numbers,
2001,Bihar,0,avg_days in absolute numbers,
2001,Chhattisgarh,2,avg_days in absolute numbers,
2001,Delhi,3,avg_days in absolute numbers,
2001,Gujarat,1,avg_days in absolute numbers,
2001,Haryana,8,avg_days in absolute numbers,
2001,Jharkhand,0,avg_days in absolute numbers,
2001,Karnataka,0,avg_days in absolute numbers,
2001,Madhya Pradesh,2,avg_days in absolute numbers,
2001,Maharashtra,5,avg_days in absolute numbers,
2001,Odisha,0,avg_days in absolute numbers,
2001,Punjab,2,avg_days in absolute numbers,
2001,Rajasthan,7,avg_days in absolute numbers,
2001,Tamil Nadu,7,avg_days in absolute numbers,
2001,Telangana,3,avg_days in absolute numbers,
2001,Uttar Pradesh,3,avg_days in absolute numbers,
2001,Uttarakhand,2,avg_days in absolute numbers,
2001,West Bengal,0,avg_days in absolute numbers,
2000,Andhra Pradesh,10,avg_days in absolute numbers,
2000,Assam,0,avg_days in absolute numbers,
2000,Bihar,0,avg_days in absolute numbers,
2000,Chhattisgarh,1,avg_days in absolute numbers,
2000,Delhi,2,avg_days in absolute numbers,
2000,Gujarat,0,avg_days in absolute numbers,
2000,Haryana,11,avg_days in absolute numbers,
2000,Jharkhand,0,avg_days in absolute numbers,
2000,Karnataka,1,avg_days in absolute numbers,
2000,Madhya Pradesh,0,avg_days in absolute numbers,
2000,Maharashtra,2,avg_days in absolute numbers,
2000,Odisha,3,avg_days in absolute numbers,
2000,Punjab,5,avg_days in absolute numbers,
2000,Rajasthan,9,avg_days in absolute numbers,
2000,Tamil Nadu,6,avg_days in absolute numbers,
2000,Telangana,3,avg_days in absolute numbers,
2000,Uttar Pradesh,2,avg_days in absolute numbers,
2000,Uttarakhand,0,avg_days in absolute numbers,
2000,West Bengal,1,avg_days in absolute numbers,
1999,Andhra Pradesh,8,avg_days in absolute numbers,
1999,Assam,0,avg_days in absolute numbers,
1999,Bihar,5,avg_days in absolute numbers,
1999,Chhattisgarh,2,avg_days in absolute numbers,
1999,Delhi,8,avg_days in absolute numbers,
1999,Gujarat,3,avg_days in absolute numbers,
1999,Haryana,18,avg_days in absolute numbers,
1999,Jharkhand,7,avg_days in absolute numbers,
1999,Karnataka,0,avg_days in absolute numbers,
1999,Madhya Pradesh,4,avg_days in absolute numbers,
1999,Maharashtra,3,avg_days in absolute numbers,
1999,Odisha,8,avg_days in absolute numbers,
1999,Punjab,7,avg_days in absolute numbers,
1999,Rajasthan,12,avg_days in absolute numbers,
1999,Tamil Nadu,2,avg_days in absolute numbers,
1999,Telangana,1,avg_days in absolute numbers,
1999,Uttar Pradesh,10,avg_days in absolute numbers,
1999,Uttarakhand,16,avg_days in absolute numbers,
1999,West Bengal,0,avg_days in absolute numbers,
1998,Andhra Pradesh,13,avg_days in absolute numbers,
1998,Assam,0,avg_days in absolute numbers,
1998,Bihar,9,avg_days in absolute numbers,
1998,Chhattisgarh,7,avg_days in absolute numbers,
1998,Delhi,10,avg_days in absolute numbers,
1998,Gujarat,9,avg_days in absolute numbers,
1998,Haryana,16,avg_days in absolute numbers,
1998,Jharkhand,7,avg_days in absolute numbers,
1998,Karnataka,3,avg_days in absolute numbers,
1998,Madhya Pradesh,8,avg_days in absolute numbers,
1998,Maharashtra,7,avg_days in absolute numbers,
1998,Odisha,11,avg_days in absolute numbers,
1998,Punjab,8,avg_days in absolute numbers,
1998,Rajasthan,20,avg_days in absolute numbers,
1998,Tamil Nadu,8,avg_days in absolute numbers,
1998,Telangana,10,avg_days in absolute numbers,
1998,Uttar Pradesh,10,avg_days in absolute numbers,
1998,Uttarakhand,0,avg_days in absolute numbers,
1998,West Bengal,3,avg_days in absolute numbers,
1997,Andhra Pradesh,10,avg_days in absolute numbers,
1997,Assam,0,avg_days in absolute numbers,
1997,Bihar,3,avg_days in absolute numbers,
1997,Chhattisgarh,0,avg_days in absolute numbers,
1997,Delhi,0,avg_days in absolute numbers,
1997,Gujarat,0,avg_days in absolute numbers,
1997,Haryana,2,avg_days in absolute numbers,
1997,Jharkhand,0,avg_days in absolute numbers,
1997,Karnataka,1,avg_days in absolute numbers,
1997,Madhya Pradesh,0,avg_days in absolute numbers,
1997,Maharashtra,0,avg_days in absolute numbers,
1997,Odisha,4,avg_days in absolute numbers,
1997,Punjab,0,avg_days in absolute numbers,
1997,Rajasthan,1,avg_days in absolute numbers,
1997,Tamil Nadu,6,avg_days in absolute numbers,
1997,Telangana,4,avg_days in absolute numbers,
1997,Uttar Pradesh,3,avg_days in absolute numbers,
1997,Uttarakhand,0,avg_days in absolute numbers,
1997,West Bengal,2,avg_days in absolute numbers,
1996,Andhra Pradesh,11,avg_days in absolute numbers,
1996,Assam,0,avg_days in absolute numbers,
1996,Bihar,8,avg_days in absolute numbers,
1996,Chhattisgarh,0,avg_days in absolute numbers,
1996,Delhi,1,avg_days in absolute numbers,
1996,Gujarat,2,avg_days in absolute numbers,
1996,Haryana,6,avg_days in absolute numbers,
1996,Jharkhand,2,avg_days in absolute numbers,
1996,Karnataka,1,avg_days in absolute numbers,
1996,Madhya Pradesh,2,avg_days in absolute numbers,
1996,Maharashtra,5,avg_days in absolute numbers,
1996,Odisha,6,avg_days in absolute numbers,
1996,Punjab,1,avg_days in absolute numbers,
1996,Rajasthan,5,avg_days in absolute numbers,
1996,Tamil Nadu,6,avg_days in absolute numbers,
1996,Telangana,6,avg_days in absolute numbers,
1996,Uttar Pradesh,6,avg_days in absolute numbers,
1996,Uttarakhand,0,avg_days in absolute numbers,
1996,West Bengal,2,avg_days in absolute numbers,
1995,Andhra Pradesh,6,avg_days in absolute numbers,
1995,Assam,0,avg_days in absolute numbers,
1995,Bihar,6,avg_days in absolute numbers,
1995,Chhattisgarh,7,avg_days in absolute numbers,
1995,Delhi,16,avg_days in absolute numbers,
1995,Gujarat,2,avg_days in absolute numbers,
1995,Haryana,14,avg_days in absolute numbers,
1995,Jharkhand,0,avg_days in absolute numbers,
1995,Karnataka,5,avg_days in absolute numbers,
1995,Madhya Pradesh,10,avg_days in absolute numbers,
1995,Maharashtra,7,avg_days in absolute numbers,
1995,Odisha,5,avg_days in absolute numbers,
1995,Punjab,17,avg_days in absolute numbers,
1995,Rajasthan,12,avg_days in absolute numbers,
1995,Tamil Nadu,2,avg_days in absolute numbers,
1995,Telangana,10,avg_days in absolute numbers,
1995,Uttar Pradesh,16,avg_days in absolute numbers,
1995,Uttarakhand,18,avg_days in absolute numbers,
1995,West Bengal,12,avg_days in absolute numbers,
1994,Andhra Pradesh,8,avg_days in absolute numbers,
1994,Assam,0,avg_days in absolute numbers,
1994,Bihar,2,avg_days in absolute numbers,
1994,Chhattisgarh,4,avg_days in absolute numbers,
1994,Delhi,9,avg_days in absolute numbers,
1994,Gujarat,2,avg_days in absolute numbers,
1994,Haryana,12,avg_days in absolute numbers,
1994,Jharkhand,3,avg_days in absolute numbers,
1994,Karnataka,1,avg_days in absolute numbers,
1994,Madhya Pradesh,7,avg_days in absolute numbers,
1994,Maharashtra,4,avg_days in absolute numbers,
1994,Odisha,5,avg_days in absolute numbers,
1994,Punjab,7,avg_days in absolute numbers,
1994,Rajasthan,15,avg_days in absolute numbers,
1994,Tamil Nadu,4,avg_days in absolute numbers,
1994,Telangana,8,avg_days in absolute numbers,
1994,Uttar Pradesh,12,avg_days in absolute numbers,
1994,Uttarakhand,6,avg_days in absolute numbers,
1994,West Bengal,5,avg_days in absolute numbers,
1993,Andhra Pradesh,11,avg_days in absolute numbers,
1993,Assam,0,avg_days in absolute numbers,
1993,Bihar,1,avg_days in absolute numbers,
1993,Chhattisgarh,6,avg_days in absolute numbers,
1993,Delhi,11,avg_days in absolute numbers,
1993,Gujarat,1,avg_days in absolute numbers,
1993,Haryana,15,avg_days in absolute numbers,
1993,Jharkhand,5,avg_days in absolute numbers,
1993,Karnataka,1,avg_days in absolute numbers,
1993,Madhya Pradesh,9,avg_days in absolute numbers,
1993,Maharashtra,6,avg_days in absolute numbers,
1993,Odisha,4,avg_days in absolute numbers,
1993,Punjab,12,avg_days in absolute numbers,
1993,Rajasthan,10,avg_days in absolute numbers,
1993,Tamil Nadu,3,avg_days in absolute numbers,
1993,Telangana,10,avg_days in absolute numbers,
1993,Uttar Pradesh,10,avg_days in absolute numbers,
1993,Uttarakhand,3,avg_days in absolute numbers,
1993,West Bengal,0,avg_days in absolute numbers,
1992,Andhra Pradesh,7,avg_days in absolute numbers,
1992,Assam,0,avg_days in absolute numbers,
1992,Bihar,3,avg_days in absolute numbers,
1992,Chhattisgarh,4,avg_days in absolute numbers,
1992,Delhi,2,avg_days in absolute numbers,
1992,Gujarat,2,avg_days in absolute numbers,
1992,Haryana,7,avg_days in absolute numbers,
1992,Jharkhand,0,avg_days in absolute numbers,
1992,Karnataka,2,avg_days in absolute numbers,
1992,Madhya Pradesh,9,avg_days in absolute numbers,
1992,Maharashtra,5,avg_days in absolute numbers,
1992,Odisha,3,avg_days in absolute numbers,
1992,Punjab,0,avg_days in absolute numbers,
1992,Rajasthan,10,avg_days in absolute numbers,
1992,Tamil Nadu,2,avg_days in absolute numbers,
1992,Telangana,8,avg_days in absolute numbers,
1992,Uttar Pradesh,7,avg_days in absolute numbers,
1992,Uttarakhand,2,avg_days in absolute numbers,
1992,West Bengal,5,avg_days in absolute numbers,
1991,Andhra Pradesh,5,avg_days in absolute numbers,
1991,Assam,0,avg_days in absolute numbers,
1991,Bihar,3,avg_days in absolute numbers,
1991,Chhattisgarh,1,avg_days in absolute numbers,
1991,Delhi,5,avg_days in absolute numbers,
1991,Gujarat,4,avg_days in absolute numbers,
1991,Haryana,1,avg_days in absolute numbers,
1991,Jharkhand,1,avg_days in absolute numbers,
1991,Karnataka,0,avg_days in absolute numbers,
1991,Madhya Pradesh,3,avg_days in absolute numbers,
1991,Maharashtra,5,avg_days in absolute numbers,
1991,Odisha,4,avg_days in absolute numbers,
1991,Punjab,2,avg_days in absolute numbers,
1991,Rajasthan,8,avg_days in absolute numbers,
1991,Tamil Nadu,2,avg_days in absolute numbers,
1991,Telangana,4,avg_days in absolute numbers,
1991,Uttar Pradesh,7,avg_days in absolute numbers,
1991,Uttarakhand,2,avg_days in absolute numbers,
1991,West Bengal,0,avg_days in absolute numbers,
1990,Andhra Pradesh,2,avg_days in absolute numbers,
1990,Assam,0,avg_days in absolute numbers,
1990,Bihar,1,avg_days in absolute numbers,
1990,Chhattisgarh,0,avg_days in absolute numbers,
1990,Delhi,0,avg_days in absolute numbers,
1990,Gujarat,0,avg_days in absolute numbers,
1990,Haryana,4,avg_days in absolute numbers,
1990,Jharkhand,0,avg_days in absolute numbers,
1990,Karnataka,0,avg_days in absolute numbers,
1990,Madhya Pradesh,0,avg_days in absolute numbers,
1990,Maharashtra,0,avg_days in absolute numbers,
1990,Odisha,0,avg_days in absolute numbers,
1990,Punjab,0,avg_days in absolute numbers,
1990,Rajasthan,4,avg_days in absolute numbers,
1990,Tamil Nadu,1,avg_days in absolute numbers,
1990,Telangana,1,avg_days in absolute numbers,
1990,Uttar Pradesh,3,avg_days in absolute numbers,
1990,Uttarakhand,1,avg_days in absolute numbers,
1990,West Bengal,0,avg_days in absolute numbers,
1989,Andhra Pradesh,8,avg_days in absolute numbers,
1989,Assam,0,avg_days in absolute numbers,
1989,Bihar,7,avg_days in absolute numbers,
1989,Chhattisgarh,4,avg_days in absolute numbers,
1989,Delhi,0,avg_days in absolute numbers,
1989,Gujarat,4,avg_days in absolute numbers,
1989,Haryana,5,avg_days in absolute numbers,
1989,Jharkhand,2,avg_days in absolute numbers,
1989,Karnataka,2,avg_days in absolute numbers,
1989,Madhya Pradesh,7,avg_days in absolute numbers,
1989,Maharashtra,6,avg_days in absolute numbers,
1989,Odisha,8,avg_days in absolute numbers,
1989,Punjab,1,avg_days in absolute numbers,
1989,Rajasthan,8,avg_days in absolute numbers,
1989,Tamil Nadu,5,avg_days in absolute numbers,
1989,Telangana,6,avg_days in absolute numbers,
1989,Uttar Pradesh,5,avg_days in absolute numbers,
1989,Uttarakhand,0,avg_days in absolute numbers,
1989,West Bengal,8,avg_days in absolute numbers,
1988,Andhra Pradesh,9,avg_days in absolute numbers,
1988,Assam,0,avg_days in absolute numbers,
1988,Bihar,5,avg_days in absolute numbers,
1988,Chhattisgarh,5,avg_days in absolute numbers,
1988,Delhi,9,avg_days in absolute numbers,
1988,Gujarat,5,avg_days in absolute numbers,
1988,Haryana,20,avg_days in absolute numbers,
1988,Jharkhand,5,avg_days in absolute numbers,
1988,Karnataka,2,avg_days in absolute numbers,
1988,Madhya Pradesh,8,avg_days in absolute numbers,
1988,Maharashtra,8,avg_days in absolute numbers,
1988,Odisha,5,avg_days in absolute numbers,
1988,Punjab,14,avg_days in absolute numbers,
1988,Rajasthan,20,avg_days in absolute numbers,
1988,Tamil Nadu,6,avg_days in absolute numbers,
1988,Telangana,11,avg_days in absolute numbers,
1988,Uttar Pradesh,14,avg_days in absolute numbers,
1988,Uttarakhand,13,avg_days in absolute numbers,
1988,West Bengal,1,avg_days in absolute numbers,
1987,Andhra Pradesh,9,avg_days in absolute numbers,
1987,Assam,0,avg_days in absolute numbers,
1987,Bihar,7,avg_days in absolute numbers,
1987,Chhattisgarh,5,avg_days in absolute numbers,
1987,Delhi,6,avg_days in absolute numbers,
1987,Gujarat,3,avg_days in absolute numbers,
1987,Haryana,7,avg_days in absolute numbers,
1987,Jharkhand,4,avg_days in absolute numbers,
1987,Karnataka,0,avg_days in absolute numbers,
1987,Madhya Pradesh,6,avg_days in absolute numbers,
1987,Maharashtra,3,avg_days in absolute numbers,
1987,Odisha,8,avg_days in absolute numbers,
1987,Punjab,7,avg_days in absolute numbers,
1987,Rajasthan,4,avg_days in absolute numbers,
1987,Tamil Nadu,5,avg_days in absolute numbers,
1987,Telangana,5,avg_days in absolute numbers,
1987,Uttar Pradesh,15,avg_days in absolute numbers,
1987,Uttarakhand,6,avg_days in absolute numbers,
1987,West Bengal,4,avg_days in absolute numbers,
1986,Andhra Pradesh,9,avg_days in absolute numbers,
1986,Assam,0,avg_days in absolute numbers,
1986,Bihar,3,avg_days in absolute numbers,
1986,Chhattisgarh,4,avg_days in absolute numbers,
1986,Delhi,1,avg_days in absolute numbers,
1986,Gujarat,1,avg_days in absolute numbers,
1986,Haryana,6,avg_days in absolute numbers,
1986,Jharkhand,1,avg_days in absolute numbers,
1986,Karnataka,0,avg_days in absolute numbers,
1986,Madhya Pradesh,3,avg_days in absolute numbers,
1986,Maharashtra,1,avg_days in absolute numbers,
1986,Odisha,3,avg_days in absolute numbers,
1986,Punjab,4,avg_days in absolute numbers,
1986,Rajasthan,9,avg_days in absolute numbers,
1986,Tamil Nadu,6,avg_days in absolute numbers,
1986,Telangana,4,avg_days in absolute numbers,
1986,Uttar Pradesh,4,avg_days in absolute numbers,
1986,Uttarakhand,3,avg_days in absolute numbers,
1986,West Bengal,2,avg_days in absolute numbers,
1985,Andhra Pradesh,10,avg_days in absolute numbers,
1985,Assam,0,avg_days in absolute numbers,
1985,Bihar,5,avg_days in absolute numbers,
1985,Chhattisgarh,2,avg_days in absolute numbers,
1985,Delhi,1,avg_days in absolute numbers,
1985,Gujarat,1,avg_days in absolute numbers,
1985,Haryana,7,avg_days in absolute numbers,
1985,Jharkhand,4,avg_days in absolute numbers,
1985,Karnataka,0,avg_days in absolute numbers,
1985,Madhya Pradesh,3,avg_days in absolute numbers,
1985,Maharashtra,3,avg_days in absolute numbers,
1985,Odisha,5,avg_days in absolute numbers,
1985,Punjab,4,avg_days in absolute numbers,
1985,Rajasthan,7,avg_days in absolute numbers,
1985,Tamil Nadu,4,avg_days in absolute numbers,
1985,Telangana,2,avg_days in absolute numbers,
1985,Uttar Pradesh,8,avg_days in absolute numbers,
1985,Uttarakhand,9,avg_days in absolute numbers,
1985,West Bengal,1,avg_days in absolute numbers,
1984,Andhra Pradesh,10,avg_days in absolute numbers,
1984,Assam,0,avg_days in absolute numbers,
1984,Bihar,6,avg_days in absolute numbers,
1984,Chhattisgarh,3,avg_days in absolute numbers,
1984,Delhi,6,avg_days in absolute numbers,
1984,Gujarat,1,avg_days in absolute numbers,
1984,Haryana,21,avg_days in absolute numbers,
1984,Jharkhand,11,avg_days in absolute numbers,
1984,Karnataka,1,avg_days in absolute numbers,
1984,Madhya Pradesh,4,avg_days in absolute numbers,
1984,Maharashtra,5,avg_days in absolute numbers,
1984,Odisha,10,avg_days in absolute numbers,
1984,Punjab,8,avg_days in absolute numbers,
1984,Rajasthan,11,avg_days in absolute numbers,
1984,Tamil Nadu,4,avg_days in absolute numbers,
1984,Telangana,10,avg_days in absolute numbers,
1984,Uttar Pradesh,11,avg_days in absolute numbers,
1984,Uttarakhand,10,avg_days in absolute numbers,
1984,West Bengal,2,avg_days in absolute numbers,
1983,Andhra Pradesh,10,avg_days in absolute numbers,
1983,Assam,0,avg_days in absolute numbers,
1983,Bihar,8,avg_days in absolute numbers,
1983,Chhattisgarh,4,avg_days in absolute numbers,
1983,Delhi,2,avg_days in absolute numbers,
1983,Gujarat,1,avg_days in absolute numbers,
1983,Haryana,3,avg_days in absolute numbers,
1983,Jharkhand,4,avg_days in absolute numbers,
1983,Karnataka,1,avg_days in absolute numbers,
1983,Madhya Pradesh,2,avg_days in absolute numbers,
1983,Maharashtra,4,avg_days in absolute numbers,
1983,Odisha,6,avg_days in absolute numbers,
1983,Punjab,1,avg_days in absolute numbers,
1983,Rajasthan,1,avg_days in absolute numbers,
1983,Tamil Nadu,5,avg_days in absolute numbers,
1983,Telangana,11,avg_days in absolute numbers,
1983,Uttar Pradesh,4,avg_days in absolute numbers,
1983,Uttarakhand,4,avg_days in absolute numbers,
1983,West Bengal,0,avg_days in absolute numbers,
1982,Andhra Pradesh,7,avg_days in absolute numbers,
1982,Assam,0,avg_days in absolute numbers,
1982,Bihar,4,avg_days in absolute numbers,
1982,Chhattisgarh,1,avg_days in absolute numbers,
1982,Delhi,0,avg_days in absolute numbers,
1982,Gujarat,1,avg_days in absolute numbers,
1982,Haryana,2,avg_days in absolute numbers,
1982,Jharkhand,1,avg_days in absolute numbers,
1982,Karnataka,0,avg_days in absolute numbers,
1982,Madhya Pradesh,1,avg_days in absolute numbers,
1982,Maharashtra,0,avg_days in absolute numbers,
1982,Odisha,4,avg_days in absolute numbers,
1982,Punjab,1,avg_days in absolute numbers,
1982,Rajasthan,1,avg_days in absolute numbers,
1982,Tamil Nadu,4,avg_days in absolute numbers,
1982,Telangana,3,avg_days in absolute numbers,
1982,Uttar Pradesh,2,avg_days in absolute numbers,
1982,Uttarakhand,0,avg_days in absolute numbers,
1982,West Bengal,1,avg_days in absolute numbers,
1981,Andhra Pradesh,13,avg_days in absolute numbers,
1981,Assam,0,avg_days in absolute numbers,
1981,Bihar,2,avg_days in absolute numbers,
1981,Chhattisgarh,5,avg_days in absolute numbers,
1981,Delhi,4,avg_days in absolute numbers,
1981,Gujarat,3,avg_days in absolute numbers,
1981,Haryana,13,avg_days in absolute numbers,
1981,Jharkhand,2,avg_days in absolute numbers,
1981,Karnataka,0,avg_days in absolute numbers,
1981,Madhya Pradesh,8,avg_days in absolute numbers,
1981,Maharashtra,3,avg_days in absolute numbers,
1981,Odisha,2,avg_days in absolute numbers,
1981,Punjab,7,avg_days in absolute numbers,
1981,Rajasthan,12,avg_days in absolute numbers,
1981,Tamil Nadu,4,avg_days in absolute numbers,
1981,Telangana,5,avg_days in absolute numbers,
1981,Uttar Pradesh,8,avg_days in absolute numbers,
1981,Uttarakhand,1,avg_days in absolute numbers,
1981,West Bengal,0,avg_days in absolute numbers,
1980,Andhra Pradesh,9,avg_days in absolute numbers,
1980,Assam,0,avg_days in absolute numbers,
1980,Bihar,11,avg_days in absolute numbers,
1980,Chhattisgarh,1,avg_days in absolute numbers,
1980,Delhi,3,avg_days in absolute numbers,
1980,Gujarat,1,avg_days in absolute numbers,
1980,Haryana,11,avg_days in absolute numbers,
1980,Jharkhand,6,avg_days in absolute numbers,
1980,Karnataka,0,avg_days in absolute numbers,
1980,Madhya Pradesh,3,avg_days in absolute numbers,
1980,Maharashtra,4,avg_days in absolute numbers,
1980,Odisha,16,avg_days in absolute numbers,
1980,Punjab,10,avg_days in absolute numbers,
1980,Rajasthan,11,avg_days in absolute numbers,
1980,Tamil Nadu,5,avg_days in absolute numbers,
1980,Telangana,11,avg_days in absolute numbers,
1980,Uttar Pradesh,13,avg_days in absolute numbers,
1980,Uttarakhand,4,avg_days in absolute numbers,
1980,West Bengal,2,avg_days in absolute numbers,
1979,Andhra Pradesh,10,avg_days in absolute numbers,
1979,Assam,0,avg_days in absolute numbers,
1979,Bihar,12,avg_days in absolute numbers,
1979,Chhattisgarh,5,avg_days in absolute numbers,
1979,Delhi,3,avg_days in absolute numbers,
1979,Gujarat,5,avg_days in absolute numbers,
1979,Haryana,9,avg_days in absolute numbers,
1979,Jharkhand,5,avg_days in absolute numbers,
1979,Karnataka,2,avg_days in absolute numbers,
1979,Madhya Pradesh,7,avg_days in absolute numbers,
1979,Maharashtra,11,avg_days in absolute numbers,
1979,Odisha,14,avg_days in absolute numbers,
1979,Punjab,8,avg_days in absolute numbers,
1979,Rajasthan,8,avg_days in absolute numbers,
1979,Tamil Nadu,3,avg_days in absolute numbers,
1979,Telangana,13,avg_days in absolute numbers,
1979,Uttar Pradesh,9,avg_days in absolute numbers,
1979,Uttarakhand,0,avg_days in absolute numbers,
1979,West Bengal,12,avg_days in absolute numbers,
1978,Andhra Pradesh,12,avg_days in absolute numbers,
1978,Assam,0,avg_days in absolute numbers,
1978,Bihar,2,avg_days in absolute numbers,
1978,Chhattisgarh,2,avg_days in absolute numbers,
1978,Delhi,7,avg_days in absolute numbers,
1978,Gujarat,0,avg_days in absolute numbers,
1978,Haryana,16,avg_days in absolute numbers,
1978,Jharkhand,4,avg_days in absolute numbers,
1978,Karnataka,0,avg_days in absolute numbers,
1978,Madhya Pradesh,6,avg_days in absolute numbers,
1978,Maharashtra,5,avg_days in absolute numbers,
1978,Odisha,10,avg_days in absolute numbers,
1978,Punjab,15,avg_days in absolute numbers,
1978,Rajasthan,11,avg_days in absolute numbers,
1978,Tamil Nadu,4,avg_days in absolute numbers,
1978,Telangana,6,avg_days in absolute numbers,
1978,Uttar Pradesh,10,avg_days in absolute numbers,
1978,Uttarakhand,6,avg_days in absolute numbers,
1978,West Bengal,1,avg_days in absolute numbers,
1977,Andhra Pradesh,6,avg_days in absolute numbers,
1977,Assam,0,avg_days in absolute numbers,
1977,Bihar,2,avg_days in absolute numbers,
1977,Chhattisgarh,0,avg_days in absolute numbers,
1977,Delhi,0,avg_days in absolute numbers,
1977,Gujarat,1,avg_days in absolute numbers,
1977,Haryana,4,avg_days in absolute numbers,
1977,Jharkhand,1,avg_days in absolute numbers,
1977,Karnataka,0,avg_days in absolute numbers,
1977,Madhya Pradesh,3,avg_days in absolute numbers,
1977,Maharashtra,1,avg_days in absolute numbers,
1977,Odisha,2,avg_days in absolute numbers,
1977,Punjab,1,avg_days in absolute numbers,
1977,Rajasthan,2,avg_days in absolute numbers,
1977,Tamil Nadu,2,avg_days in absolute numbers,
1977,Telangana,4,avg_days in absolute numbers,
1977,Uttar Pradesh,3,avg_days in absolute numbers,
1977,Uttarakhand,2,avg_days in absolute numbers,
1977,West Bengal,0,avg_days in absolute numbers,
1976,Andhra Pradesh,14,avg_days in absolute numbers,
1976,Assam,0,avg_days in absolute numbers,
1976,Bihar,3,avg_days in absolute numbers,
1976,Chhattisgarh,0,avg_days in absolute numbers,
1976,Delhi,2,avg_days in absolute numbers,
1976,Gujarat,1,avg_days in absolute numbers,
1976,Haryana,4,avg_days in absolute numbers,
1976,Jharkhand,3,avg_days in absolute numbers,
1976,Karnataka,0,avg_days in absolute numbers,
1976,Madhya Pradesh,2,avg_days in absolute numbers,
1976,Maharashtra,1,avg_days in absolute numbers,
1976,Odisha,8,avg_days in absolute numbers,
1976,Punjab,6,avg_days in absolute numbers,
1976,Rajasthan,4,avg_days in absolute numbers,
1976,Tamil Nadu,7,avg_days in absolute numbers,
1976,Telangana,3,avg_days in absolute numbers,
1976,Uttar Pradesh,5,avg_days in absolute numbers,
1976,Uttarakhand,2,avg_days in absolute numbers,
1976,West Bengal,3,avg_days in absolute numbers,
1975,Andhra Pradesh,11,avg_days in absolute numbers,
1975,Assam,0,avg_days in absolute numbers,
1975,Bihar,7,avg_days in absolute numbers,
1975,Chhattisgarh,3,avg_days in absolute numbers,
1975,Delhi,0,avg_days in absolute numbers,
1975,Gujarat,1,avg_days in absolute numbers,
1975,Haryana,6,avg_days in absolute numbers,
1975,Jharkhand,5,avg_days in absolute numbers,
1975,Karnataka,0,avg_days in absolute numbers,
1975,Madhya Pradesh,2,avg_days in absolute numbers,
1975,Maharashtra,2,avg_days in absolute numbers,
1975,Odisha,11,avg_days in absolute numbers,
1975,Punjab,7,avg_days in absolute numbers,
1975,Rajasthan,1,avg_days in absolute numbers,
1975,Tamil Nadu,5,avg_days in absolute numbers,
1975,Telangana,3,avg_days in absolute numbers,
1975,Uttar Pradesh,10,avg_days in absolute numbers,
1975,Uttarakhand,0,avg_days in absolute numbers,
1975,West Bengal,6,avg_days in absolute numbers,
1974,Andhra Pradesh,10,avg_days in absolute numbers,
1974,Assam,0,avg_days in absolute numbers,
1974,Bihar,7,avg_days in absolute numbers,
1974,Chhattisgarh,1,avg_days in absolute numbers,
1974,Delhi,2,avg_days in absolute numbers,
1974,Gujarat,3,avg_days in absolute numbers,
1974,Haryana,9,avg_days in absolute numbers,
1974,Jharkhand,3,avg_days in absolute numbers,
1974,Karnataka,0,avg_days in absolute numbers,
1974,Madhya Pradesh,2,avg_days in absolute numbers,
1974,Maharashtra,1,avg_days in absolute numbers,
1974,Odisha,8,avg_days in absolute numbers,
1974,Punjab,7,avg_days in absolute numbers,
1974,Rajasthan,3,avg_days in absolute numbers,
1974,Tamil Nadu,2,avg_days in absolute numbers,
1974,Telangana,0,avg_days in absolute numbers,
1974,Uttar Pradesh,5,avg_days in absolute numbers,
1974,Uttarakhand,15,avg_days in absolute numbers,
1974,West Bengal,2,avg_days in absolute numbers,
1973,Andhra Pradesh,12,avg_days in absolute numbers,
1973,Assam,0,avg_days in absolute numbers,
1973,Bihar,3,avg_days in absolute numbers,
1973,Chhattisgarh,4,avg_days in absolute numbers,
1973,Delhi,7,avg_days in absolute numbers,
1973,Gujarat,5,avg_days in absolute numbers,
1973,Haryana,14,avg_days in absolute numbers,
1973,Jharkhand,8,avg_days in absolute numbers,
1973,Karnataka,1,avg_days in absolute numbers,
1973,Madhya Pradesh,9,avg_days in absolute numbers,
1973,Maharashtra,11,avg_days in absolute numbers,
1973,Odisha,9,avg_days in absolute numbers,
1973,Punjab,14,avg_days in absolute numbers,
1973,Rajasthan,9,avg_days in absolute numbers,
1973,Tamil Nadu,5,avg_days in absolute numbers,
1973,Telangana,4,avg_days in absolute numbers,
1973,Uttar Pradesh,9,avg_days in absolute numbers,
1973,Uttarakhand,14,avg_days in absolute numbers,
1973,West Bengal,8,avg_days in absolute numbers,
1972,Andhra Pradesh,15,avg_days in absolute numbers,
1972,Assam,0,avg_days in absolute numbers,
1972,Bihar,19,avg_days in absolute numbers,
1972,Chhattisgarh,6,avg_days in absolute numbers,
1972,Delhi,10,avg_days in absolute numbers,
1972,Gujarat,3,avg_days in absolute numbers,
1972,Haryana,9,avg_days in absolute numbers,
1972,Jharkhand,18,avg_days in absolute numbers,
1972,Karnataka,3,avg_days in absolute numbers,
1972,Madhya Pradesh,8,avg_days in absolute numbers,
1972,Maharashtra,4,avg_days in absolute numbers,
1972,Odisha,15,avg_days in absolute numbers,
1972,Punjab,14,avg_days in absolute numbers,
1972,Rajasthan,6,avg_days in absolute numbers,
1972,Tamil Nadu,5,avg_days in absolute numbers,
1972,Telangana,11,avg_days in absolute numbers,
1972,Uttar Pradesh,20,avg_days in absolute numbers,
1972,Uttarakhand,22,avg_days in absolute numbers,
1972,West Bengal,14,avg_days in absolute numbers,
1971,Andhra Pradesh,3,avg_days in absolute numbers,
1971,Assam,0,avg_days in absolute numbers,
1971,Bihar,0,avg_days in absolute numbers,
1971,Chhattisgarh,0,avg_days in absolute numbers,
1971,Delhi,2,avg_days in absolute numbers,
1971,Gujarat,2,avg_days in absolute numbers,
1971,Haryana,2,avg_days in absolute numbers,
1971,Jharkhand,0,avg_days in absolute numbers,
1971,Karnataka,0,avg_days in absolute numbers,
1971,Madhya Pradesh,1,avg_days in absolute numbers,
1971,Maharashtra,0,avg_days in absolute numbers,
1971,Odisha,0,avg_days in absolute numbers,
1971,Punjab,0,avg_days in absolute numbers,
1971,Rajasthan,4,avg_days in absolute numbers,
1971,Tamil Nadu,2,avg_days in absolute numbers,
1971,Telangana,0,avg_days in absolute numbers,
1971,Uttar Pradesh,1,avg_days in absolute numbers,
1971,Uttarakhand,3,avg_days in absolute numbers,
1971,West Bengal,0,avg_days in absolute numbers,
1970,Andhra Pradesh,5,avg_days in absolute numbers,
1970,Assam,0,avg_days in absolute numbers,
1970,Bihar,7,avg_days in absolute numbers,
1970,Chhattisgarh,3,avg_days in absolute numbers,
1970,Delhi,12,avg_days in absolute numbers,
1970,Gujarat,2,avg_days in absolute numbers,
1970,Haryana,13,avg_days in absolute numbers,
1970,Jharkhand,5,avg_days in absolute numbers,
1970,Karnataka,0,avg_days in absolute numbers,
1970,Madhya Pradesh,5,avg_days in absolute numbers,
1970,Maharashtra,4,avg_days in absolute numbers,
1970,Odisha,4,avg_days in absolute numbers,
1970,Punjab,13,avg_days in absolute numbers,
1970,Rajasthan,11,avg_days in absolute numbers,
1970,Tamil Nadu,4,avg_days in absolute numbers,
1970,Telangana,5,avg_days in absolute numbers,
1970,Uttar Pradesh,9,avg_days in absolute numbers,
1970,Uttarakhand,15,avg_days in absolute numbers,
1970,West Bengal,4,avg_days in absolute numbers,
1969,Andhra Pradesh,5,avg_days in absolute numbers,
1969,Assam,0,avg_days in absolute numbers,
1969,Bihar,4,avg_days in absolute numbers,
1969,Chhattisgarh,9,avg_days in absolute numbers,
1969,Delhi,1,avg_days in absolute numbers,
1969,Gujarat,4,avg_days in absolute numbers,
1969,Haryana,8,avg_days in absolute numbers,
1969,Jharkhand,3,avg_days in absolute numbers,
1969,Karnataka,0,avg_days in absolute numbers,
1969,Madhya Pradesh,11,avg_days in absolute numbers,
1969,Maharashtra,6,avg_days in absolute numbers,
1969,Odisha,4,avg_days in absolute numbers,
1969,Punjab,3,avg_days in absolute numbers,
1969,Rajasthan,9,avg_days in absolute numbers,
1969,Tamil Nadu,3,avg_days in absolute numbers,
1969,Telangana,5,avg_days in absolute numbers,
1969,Uttar Pradesh,10,avg_days in absolute numbers,
1969,Uttarakhand,14,avg_days in absolute numbers,
1969,West Bengal,2,avg_days in absolute numbers,
1968,Andhra Pradesh,9,avg_days in absolute numbers,
1968,Assam,0,avg_days in absolute numbers,
1968,Bihar,12,avg_days in absolute numbers,
1968,Chhattisgarh,3,avg_days in absolute numbers,
1968,Delhi,1,avg_days in absolute numbers,
1968,Gujarat,1,avg_days in absolute numbers,
1968,Haryana,2,avg_days in absolute numbers,
1968,Jharkhand,3,avg_days in absolute numbers,
1968,Karnataka,0,avg_days in absolute numbers,
1968,Madhya Pradesh,3,avg_days in absolute numbers,
1968,Maharashtra,2,avg_days in absolute numbers,
1968,Odisha,3,avg_days in absolute numbers,
1968,Punjab,0,avg_days in absolute numbers,
1968,Rajasthan,3,avg_days in absolute numbers,
1968,Tamil Nadu,3,avg_days in absolute numbers,
1968,Telangana,4,avg_days in absolute numbers,
1968,Uttar Pradesh,4,avg_days in absolute numbers,
1968,Uttarakhand,4,avg_days in absolute numbers,
1968,West Bengal,10,avg_days in absolute numbers,
1967,Andhra Pradesh,10,avg_days in absolute numbers,
1967,Assam,0,avg_days in absolute numbers,
1967,Bihar,9,avg_days in absolute numbers,
1967,Chhattisgarh,9,avg_days in absolute numbers,
1967,Delhi,2,avg_days in absolute numbers,
1967,Gujarat,3,avg_days in absolute numbers,
1967,Haryana,7,avg_days in absolute numbers,
1967,Jharkhand,11,avg_days in absolute numbers,
1967,Karnataka,2,avg_days in absolute numbers,
1967,Madhya Pradesh,5,avg_days in absolute numbers,
1967,Maharashtra,6,avg_days in absolute numbers,
1967,Odisha,5,avg_days in absolute numbers,
1967,Punjab,4,avg_days in absolute numbers,
1967,Rajasthan,5,avg_days in absolute numbers,
1967,Tamil Nadu,4,avg_days in absolute numbers,
1967,Telangana,6,avg_days in absolute numbers,
1967,Uttar Pradesh,9,avg_days in absolute numbers,
1967,Uttarakhand,6,avg_days in absolute numbers,
1967,West Bengal,3,avg_days in absolute numbers,